id_direction,Entry,hour,TotVolume,avgTravelrate,avgAADT,TravelRate at t-1,US_TMC,DS_TMC,Segment,US.t.rate,DS.t.rate,Avg.adj,Lane
23768 E,1,0,402.9,1.063225765,87000,1.0315669,125N17020,125N04904,W-NQ,0.894366155,0.880688438,0.887527297,3
23768 E,1,1,236.5,1.110555657,87000,1.063225765,125N17020,125N04904,W-NQ,0.899255536,0.889750029,0.894502783,3
23768 E,1,2,231,1.042202382,87000,1.110555657,125N17020,125N04904,W-NQ,0.893252367,0.877415422,0.885333895,3
23768 E,1,3,237.9,1.026795563,87000,1.042202382,125N17020,125N04904,W-NQ,0.895215496,0.880748457,0.887981977,3
23768 E,1,4,350.5,1.040356874,87000,1.026795563,125N17020,125N04904,W-NQ,0.889885682,0.878227119,0.884056401,3
23768 E,1,5,876.2,1.005927213,87000,1.040356874,125N17020,125N04904,W-NQ,0.884244885,0.873512765,0.878878825,3
23768 E,1,6,2315.2,0.950215429,87000,1.005927213,125N17020,125N04904,W-NQ,0.870453444,0.860264088,0.865358766,3
23768 E,1,7,3471.7,0.951587251,87000,0.950215429,125N17020,125N04904,W-NQ,0.874570205,0.862822081,0.868696143,3
23768 E,1,8,2898.6,0.941125105,87000,0.951587251,125N17020,125N04904,W-NQ,0.900240044,0.879075677,0.889657861,3
23768 E,1,9,2238.5,0.942329486,87000,0.941125105,125N17020,125N04904,W-NQ,0.899056561,0.878164924,0.888610743,3
23768 E,1,10,2001.6,0.955920969,87000,0.942329486,125N17020,125N04904,W-NQ,0.877239413,0.867177293,0.872208353,3
23768 E,1,11,2062.5,0.945980741,87000,0.955920969,125N17020,125N04904,W-NQ,0.875837217,0.869242342,0.87253978,3
23768 E,1,12,2228.7,0.954021691,87000,0.945980741,125N17020,125N04904,W-NQ,0.880092553,0.868952369,0.874522461,3
23768 E,1,13,2271.4,0.945852461,87000,0.954021691,125N17020,125N04904,W-NQ,0.874455808,0.865174947,0.869815378,3
23768 E,1,14,2413.1,0.947205369,87000,0.945852461,125N17020,125N04904,W-NQ,0.872546668,0.867814542,0.870180605,3
23768 E,1,15,2919.5,0.958914142,87000,0.947205369,125N17020,125N04904,W-NQ,0.862102919,0.857041251,0.859572085,3
23768 E,1,16,3329.9,0.939113717,87000,0.958914142,125N17020,125N04904,W-NQ,0.915141576,0.874126046,0.894633811,3
23768 E,1,17,3465.6,0.928264183,87000,0.939113717,125N17020,125N04904,W-NQ,1.256471422,0.975491709,1.115981566,3
23768 E,1,18,2939.1,0.930426914,87000,0.928264183,125N17020,125N04904,W-NQ,1.033352408,0.924343888,0.978848148,3
23768 E,1,19,2332.9,0.956458832,87000,0.930426914,125N17020,125N04904,W-NQ,0.887975145,0.874971603,0.881473374,3
23768 E,1,20,1844.7,0.965116533,87000,0.956458832,125N17020,125N04904,W-NQ,0.89722653,0.877997304,0.887611917,3
23768 E,1,21,1480.9,0.974455475,87000,0.965116533,125N17020,125N04904,W-NQ,0.89477521,0.878031737,0.886403474,3
23768 E,1,22,1007.4,0.988466619,87000,0.974455475,125N17020,125N04904,W-NQ,0.895953383,0.882243544,0.889098464,3
23768 E,1,23,670.8,1.0315669,87000,0.988466619,125N17020,125N04904,W-NQ,0.885223421,0.871597109,0.878410265,3
23768 E,1,0,354.33,1.05753999,87000,1.042145365,125N17020,125N04904,W-NQ,0.887572215,0.879416775,0.883494495,3
23768 E,1,1,209.3,1.078475784,87000,1.05753999,125N17020,125N04904,W-NQ,0.902890385,0.887010584,0.894950485,3
23768 E,1,2,179.13,1.062046031,87000,1.078475784,125N17020,125N04904,W-NQ,0.893050039,0.877571383,0.885310711,3
23768 E,1,3,215.26,1.03358219,87000,1.062046031,125N17020,125N04904,W-NQ,0.895418628,0.879607906,0.887513267,3
23768 E,1,4,324.25,1.028209872,87000,1.03358219,125N17020,125N04904,W-NQ,0.90955576,0.88166882,0.89561229,3
23768 E,1,5,834.38,1.00876123,87000,1.028209872,125N17020,125N04904,W-NQ,0.889881281,0.872075223,0.880978252,3
23768 E,1,6,2231.14,0.923996533,87000,1.00876123,125N17020,125N04904,W-NQ,0.856559805,0.846192528,0.851376166,3
23768 E,1,7,3290.88,0.929407098,87000,0.923996533,125N17020,125N04904,W-NQ,0.868626942,0.853329975,0.860978458,3
23768 E,1,8,2677.24,0.935493086,87000,0.929407098,125N17020,125N04904,W-NQ,0.88625583,0.866547641,0.876401735,3
23768 E,1,9,2059.66,0.94663856,87000,0.935493086,125N17020,125N04904,W-NQ,0.883568166,0.868537014,0.87605259,3
23768 E,1,10,1854.56,0.945809557,87000,0.94663856,125N17020,125N04904,W-NQ,0.874163577,0.861921734,0.868042655,3
23768 E,1,11,1902.56,0.95041297,87000,0.945809557,125N17020,125N04904,W-NQ,0.875664566,0.870329873,0.872997219,3
23768 E,1,12,2039.79,0.960332151,87000,0.95041297,125N17020,125N04904,W-NQ,0.872624325,0.866696683,0.869660504,3
23768 E,1,13,2145.66,0.955568037,87000,0.960332151,125N17020,125N04904,W-NQ,0.87242853,0.862215931,0.86732223,3
23768 E,1,14,2349.44,0.951385349,87000,0.955568037,125N17020,125N04904,W-NQ,0.870929678,0.86583403,0.868381854,3
23768 E,1,15,2769.23,0.940982032,87000,0.951385349,125N17020,125N04904,W-NQ,0.873472304,0.867880863,0.870676583,3
23768 E,1,16,3166.23,0.944052056,87000,0.940982032,125N17020,125N04904,W-NQ,0.92653864,0.892368202,0.909453421,3
23768 E,1,17,3288.77,0.94035646,87000,0.944052056,125N17020,125N04904,W-NQ,1.204314236,0.954756438,1.079535337,3
23768 E,1,18,2741.45,0.924903414,87000,0.94035646,125N17020,125N04904,W-NQ,1.040581167,0.929828617,0.985204892,3
23768 E,1,19,2173.78,0.954639037,87000,0.924903414,125N17020,125N04904,W-NQ,0.878423309,0.863599557,0.871011433,3
23768 E,1,20,1810.55,0.968592187,87000,0.954639037,125N17020,125N04904,W-NQ,0.887574422,0.876971358,0.88227289,3
23768 E,1,21,1522.12,0.994760903,87000,0.968592187,125N17020,125N04904,W-NQ,0.901065369,0.885771586,0.893418478,3
23768 E,1,22,995.33,1.02824203,87000,0.994760903,125N17020,125N04904,W-NQ,0.893813166,0.878085103,0.885949134,3
23768 E,1,23,695.33,1.042145365,87000,1.02824203,125N17020,125N04904,W-NQ,0.896674394,0.880845573,0.888759984,3
23768 E,1,0,229.84,0.997649441,87000,1.013107516,125N17020,125N04904,W-NQ,0.890202871,0.887011111,0.888606991,3
23768 E,1,1,145.84,1.013502618,87000,0.997649441,125N17020,125N04904,W-NQ,0.891384205,0.878954507,0.885169356,3
23768 E,1,2,114.92,0.97630594,87000,1.013502618,125N17020,125N04904,W-NQ,0.896733401,0.885580883,0.891157142,3
23768 E,1,3,124.43,0.981792509,87000,0.97630594,125N17020,125N04904,W-NQ,0.887636134,0.878644644,0.883140389,3
23768 E,1,4,167.58,0.964962584,87000,0.981792509,125N17020,125N04904,W-NQ,0.883900563,0.877260853,0.880580708,3
23768 E,1,5,448.5,0.950186457,87000,0.964962584,125N17020,125N04904,W-NQ,0.873248498,0.868782351,0.871015424,3
23768 E,1,6,1240.17,0.956407129,87000,0.950186457,125N17020,125N04904,W-NQ,0.854247152,0.845803494,0.850025323,3
23768 E,1,7,1784.33,0.989664622,87000,0.956407129,125N17020,125N04904,W-NQ,0.857972619,0.846285659,0.852129139,3
23768 E,1,8,1623.83,1.00564343,87000,0.989664622,125N17020,125N04904,W-NQ,0.8778563,0.858229819,0.868043059,3
23768 E,1,9,1298.33,0.96515088,87000,1.00564343,125N17020,125N04904,W-NQ,0.872839372,0.854095134,0.863467253,3
23768 E,1,10,1214.25,0.966892326,87000,0.96515088,125N17020,125N04904,W-NQ,0.870710518,0.856073284,0.863391901,3
23768 E,1,11,1241.58,0.962120184,87000,0.966892326,125N17020,125N04904,W-NQ,0.869832527,0.85437067,0.862101598,3
23768 E,1,12,1318.49,0.957907609,87000,0.962120184,125N17020,125N04904,W-NQ,0.870388181,0.857717791,0.864052986,3
23768 E,1,13,1353.17,0.984621986,87000,0.957907609,125N17020,125N04904,W-NQ,0.872123447,0.86113604,0.866629743,3
23768 E,1,14,1528.67,0.990280565,87000,0.984621986,125N17020,125N04904,W-NQ,0.871101229,0.856031858,0.863566544,3
23768 E,1,15,1841.92,0.982879218,87000,0.990280565,125N17020,125N04904,W-NQ,0.861889887,0.85628509,0.859087489,3
23768 E,1,16,2168.33,1.446115077,87000,0.982879218,125N17020,125N04904,W-NQ,0.877631262,0.864130294,0.870880778,3
23768 E,1,17,2168,2.009574156,87000,1.446115077,125N17020,125N04904,W-NQ,1.173261296,0.965724612,1.069492954,3
23768 E,1,18,1620.4,1.062715691,87000,2.009574156,125N17020,125N04904,W-NQ,1.092354866,0.954926908,1.023640887,3
23768 E,1,19,1377.09,0.994402378,87000,1.062715691,125N17020,125N04904,W-NQ,0.882998051,0.867475391,0.875236721,3
23768 E,1,20,1101.82,0.982054707,87000,0.994402378,125N17020,125N04904,W-NQ,0.880494134,0.871626102,0.876060118,3
23768 E,1,21,929.59,1.013464496,87000,0.982054707,125N17020,125N04904,W-NQ,0.879391707,0.871982582,0.875687144,3
23768 E,1,22,610.91,0.996190829,87000,1.013464496,125N17020,125N04904,W-NQ,0.891752403,0.881610879,0.886681641,3
23768 E,1,23,413.83,1.013107516,87000,0.996190829,125N17020,125N04904,W-NQ,0.89299859,0.885739406,0.889368998,3
23780 W,2,0,179.4,0.911593721,77000,0.894486551,125N05083,125N05082,B-NQ,0.899427016,0.918137812,0.908782414,3
23780 W,2,1,114.1,0.914673047,77000,0.911593721,125N05083,125N05082,B-NQ,0.8942933,0.910699196,0.902496248,3
23780 W,2,2,105.2,0.901484474,77000,0.914673047,125N05083,125N05082,B-NQ,0.89121307,0.909636536,0.900424803,3
23780 W,2,3,208.5,0.896542041,77000,0.901484474,125N05083,125N05082,B-NQ,0.885052611,0.904323239,0.894687925,3
23780 W,2,4,424.1,0.889907189,77000,0.896542041,125N05083,125N05082,B-NQ,0.890186327,0.90113526,0.895660794,3
23780 W,2,5,1171.7,0.880527507,77000,0.889907189,125N05083,125N05082,B-NQ,0.889159584,0.90219792,0.895678752,3
23780 W,2,6,3328.4,0.86460359,77000,0.880527507,125N05083,125N05082,B-NQ,0.869651464,0.887320687,0.878486076,3
23780 W,2,7,4614,1.233375452,77000,0.86460359,125N05083,125N05082,B-NQ,0.876838666,0.890508665,0.883673666,3
23780 W,2,8,3561.2,1.182137024,77000,1.233375452,125N05083,125N05082,B-NQ,0.870678207,0.886258027,0.878468117,3
23780 W,2,9,2500.8,0.881172278,77000,1.182137024,125N05083,125N05082,B-NQ,0.87478518,0.882007389,0.878396285,3
23780 W,2,10,1783.2,0.872592797,77000,0.881172278,125N05083,125N05082,B-NQ,0.873758436,0.882007389,0.877882913,3
23780 W,2,11,1692.2,0.872706096,77000,0.872592797,125N05083,125N05082,B-NQ,0.878892152,0.891571325,0.885231739,3
23780 W,2,12,1649.9,0.876549238,77000,0.872706096,125N05083,125N05082,B-NQ,0.879918896,0.886258027,0.883088462,3
23780 W,2,13,1681.3,0.872994156,77000,0.876549238,125N05083,125N05082,B-NQ,0.878892152,0.876694092,0.877793122,3
23780 W,2,14,1805.6,0.873379827,77000,0.872994156,125N05083,125N05082,B-NQ,0.862464262,0.869255475,0.865859869,3
23780 W,2,15,2030.5,0.894065829,77000,0.873379827,125N05083,125N05082,B-NQ,0.865544491,0.876694092,0.871119292,3
23780 W,2,16,2330.3,0.871673214,77000,0.894065829,125N05083,125N05082,B-NQ,0.967192065,1.225246409,1.096219237,3
23780 W,2,17,2804.7,0.865300501,77000,0.871673214,125N05083,125N05082,B-NQ,2.113037441,3.705493695,2.909265568,3
23780 W,2,18,2014.5,0.864907673,77000,0.865300501,125N05083,125N05082,B-NQ,1.277268502,2.556758769,1.917013636,3
23780 W,2,19,1377.6,0.875592719,77000,0.864907673,125N05083,125N05082,B-NQ,0.869651464,0.878819411,0.874235438,3
23780 W,2,20,1163.1,0.877599915,77000,0.875592719,125N05083,125N05082,B-NQ,0.884025868,0.889446006,0.886735937,3
23780 W,2,21,905.9,0.871616183,77000,0.877599915,125N05083,125N05082,B-NQ,0.886079355,0.882007389,0.884043372,3
23780 W,2,22,542.1,0.881864365,77000,0.871616183,125N05083,125N05082,B-NQ,0.884025868,0.890508665,0.887267267,3
23780 W,2,23,367.1,0.894486551,77000,0.881864365,125N05083,125N05082,B-NQ,0.896346786,0.90219792,0.899272353,3
23780 W,2,0,194.56,0.909026785,77000,0.894421585,125N05083,125N05082,B-NQ,0.886794418,0.890324031,0.888559224,3
23780 W,2,1,130.62,0.91322289,77000,0.909026785,125N05083,125N05082,B-NQ,0.89833401,0.895063451,0.89669873,3
23780 W,2,2,101.76,0.902384685,77000,0.91322289,125N05083,125N05082,B-NQ,0.88112811,0.891419884,0.886273997,3
23780 W,2,3,205.88,0.903392123,77000,0.902384685,125N05083,125N05082,B-NQ,0.883929955,0.889726572,0.886828264,3
23780 W,2,4,406.64,0.880644521,77000,0.903392123,125N05083,125N05082,B-NQ,0.872602914,0.877006246,0.87480458,3
23780 W,2,5,1123.14,0.878083993,77000,0.880644521,125N05083,125N05082,B-NQ,0.871795315,0.876433171,0.874114243,3
23780 W,2,6,3050.51,0.850053283,77000,0.878083993,125N05083,125N05082,B-NQ,0.859241406,0.838362602,0.848802004,3
23780 W,2,7,4372.89,1.036777249,77000,0.850053283,125N05083,125N05082,B-NQ,0.942466413,1.306548983,1.124507698,3
23780 W,2,8,3287.25,1.028731438,77000,1.036777249,125N05083,125N05082,B-NQ,1.081739627,1.20247328,1.142106454,3
23780 W,2,9,2198.77,0.872855648,77000,1.028731438,125N05083,125N05082,B-NQ,0.93488474,0.874296927,0.904590833,3
23780 W,2,10,1656.45,0.867710345,77000,0.872855648,125N05083,125N05082,B-NQ,0.867209133,0.855957883,0.861583508,3
23780 W,2,11,1546.56,0.876568514,77000,0.867710345,125N05083,125N05082,B-NQ,0.864607058,0.864193404,0.864400231,3
23780 W,2,12,1548.23,0.868118832,77000,0.876568514,125N05083,125N05082,B-NQ,0.867866559,0.858347656,0.863107107,3
23780 W,2,13,1562.66,0.873361709,77000,0.868118832,125N05083,125N05082,B-NQ,0.858952178,0.858538506,0.858745342,3
23780 W,2,14,1736.44,0.871532901,77000,0.873361709,125N05083,125N05082,B-NQ,0.864885376,0.860511483,0.862698429,3
23780 W,2,15,2004.11,0.872254424,77000,0.871532901,125N05083,125N05082,B-NQ,0.86828738,0.858128189,0.863207785,3
23780 W,2,16,2194.21,0.86813765,77000,0.872254424,125N05083,125N05082,B-NQ,0.879070719,0.86409026,0.87158049,3
23780 W,2,17,2655.1,0.877280989,77000,0.86813765,125N05083,125N05082,B-NQ,0.98187333,0.897255785,0.939564557,3
23780 W,2,18,1950.45,0.86592685,77000,0.877280989,125N05083,125N05082,B-NQ,0.946110333,0.854589407,0.90034987,3
23780 W,2,19,1261.78,0.878031874,77000,0.86592685,125N05083,125N05082,B-NQ,0.860433759,0.867170484,0.863802121,3
23780 W,2,20,1123.56,0.885646108,77000,0.878031874,125N05083,125N05082,B-NQ,0.879915269,0.874387406,0.877151337,3
23780 W,2,21,910.77,0.889912349,77000,0.885646108,125N05083,125N05082,B-NQ,0.882473358,0.878890687,0.880682023,3
23780 W,2,22,564.44,0.887182899,77000,0.889912349,125N05083,125N05082,B-NQ,0.875581597,0.875285957,0.875433777,3
23780 W,2,23,363.45,0.894421585,77000,0.887182899,125N05083,125N05082,B-NQ,0.891108659,0.879163813,0.885136236,3
23780 W,2,0,299.4,0.905894469,77000,0.892835768,125N05083,125N05082,B-NQ,0.888817336,0.890154446,0.889485891,3
23780 W,2,1,203.4,0.911649833,77000,0.905894469,125N05083,125N05082,B-NQ,0.898879419,0.911974387,0.905426903,3
23780 W,2,2,199.3,0.906209563,77000,0.911649833,125N05083,125N05082,B-NQ,0.928107375,0.91594165,0.922024513,3
23780 W,2,3,304.1,0.907296235,77000,0.906209563,125N05083,125N05082,B-NQ,0.906545768,0.908007125,0.907276447,3
23780 W,2,4,431.56,0.906014474,77000,0.907296235,125N05083,125N05082,B-NQ,0.902712594,0.897097154,0.899904874,3
23780 W,2,5,1031.66,0.855638135,77000,0.906014474,125N05083,125N05082,B-NQ,0.89121307,0.899576693,0.895394882,3
23780 W,2,6,2532.67,0.83483094,77000,0.855638135,125N05083,125N05082,B-NQ,0.879157118,0.888314788,0.883735953,3
23780 W,2,7,3828.34,0.983554669,77000,0.83483094,125N05083,125N05082,B-NQ,0.857363667,0.869118358,0.863241013,3
23780 W,2,8,3027.67,1.021744294,77000,0.983554669,125N05083,125N05082,B-NQ,0.855972595,0.859520143,0.857746369,3
23780 W,2,9,2124.16,0.921572616,77000,1.021744294,125N05083,125N05082,B-NQ,0.851335691,0.866238893,0.858787292,3
23780 W,2,10,1840.99,0.863797495,77000,0.921572616,125N05083,125N05082,B-NQ,0.857363667,0.867678626,0.862521147,3
23780 W,2,11,1779.83,0.868674547,77000,0.863797495,125N05083,125N05082,B-NQ,0.856899976,0.865279072,0.861089524,3
23780 W,2,12,1726.45,0.865135117,77000,0.868674547,125N05083,125N05082,B-NQ,0.854117833,0.863359429,0.858738631,3
23780 W,2,13,1749,0.863064579,77000,0.865135117,125N05083,125N05082,B-NQ,0.852726762,0.86431925,0.858523006,3
23780 W,2,14,1938.37,0.859549043,77000,0.863064579,125N05083,125N05082,B-NQ,0.851799381,0.862399607,0.857099494,3
23780 W,2,15,2182.45,0.865877446,77000,0.859549043,125N05083,125N05082,B-NQ,0.857827357,0.852801393,0.855314375,3
23780 W,2,16,2473.64,0.864777723,77000,0.865877446,125N05083,125N05082,B-NQ,0.866173785,0.911350503,0.888762144,3
23780 W,2,17,2716.82,0.864648823,77000,0.864777723,125N05083,125N05082,B-NQ,1.123521992,1.678247873,1.400884933,3
23780 W,2,18,2088.27,0.857640421,77000,0.864648823,125N05083,125N05082,B-NQ,0.927628228,1.174309597,1.050968913,3
23780 W,2,19,1479.07,0.862324324,77000,0.857640421,125N05083,125N05082,B-NQ,0.87779696,0.878748567,0.878272764,3
23780 W,2,20,1287.1,0.884167678,77000,0.862324324,125N05083,125N05082,B-NQ,0.8792344,0.885195368,0.882214884,3
23780 W,2,21,1092.5,0.89370467,77000,0.884167678,125N05083,125N05082,B-NQ,0.878755253,0.88469946,0.881727357,3
23780 W,2,22,775.5,0.889195611,77000,0.89370467,125N05083,125N05082,B-NQ,0.875880372,0.87577312,0.875826746,3
23780 W,2,23,587.2,0.892835768,77000,0.889195611,125N05083,125N05082,B-NQ,0.889726063,0.916232354,0.902979209,3
23785 E,3,0,482,0.864397355,92000,0.860799182,125P05079,125P05080,B-Q,0.89964364,1.0336346,0.96663912,3
23785 E,3,1,228,0.861141178,92000,0.864397355,125P05079,125P05080,B-Q,0.896611133,1.042735785,0.969673459,3
23785 E,3,2,164.6,0.864273231,92000,0.861141178,125P05079,125P05080,B-Q,0.880437765,1.016732399,0.948585082,3
23785 E,3,3,154.4,0.863154467,92000,0.864273231,125P05079,125P05080,B-Q,0.8814486,1.011531722,0.946490161,3
23785 E,3,4,224.2,0.865379638,92000,0.863154467,125P05079,125P05080,B-Q,0.876394422,1.0336346,0.955014511,3
23785 E,3,5,579.5,0.858608458,92000,0.865379638,125P05079,125P05080,B-Q,0.85415604,0.97642715,0.915291595,3
23785 E,3,6,1683.9,0.848629156,92000,0.858608458,125P05079,125P05080,B-Q,0.850112698,0.937422071,0.893767385,3
23785 E,3,7,3308.4,0.847601552,92000,0.848629156,125P05079,125P05080,B-Q,1.286793656,0.93872224,1.112757948,3
23785 E,3,8,3509.7,0.851964214,92000,0.847601552,125P05079,125P05080,B-Q,1.039138946,0.989428843,1.014283895,3
23785 E,3,9,2628.3,0.850888087,92000,0.851964214,125P05079,125P05080,B-Q,0.857188547,0.92051987,0.888854209,3
23785 E,3,10,2153.2,0.848234571,92000,0.850888087,125P05079,125P05080,B-Q,0.858199382,0.930921225,0.894560304,3
23785 E,3,11,2330.4,0.850178276,92000,0.848234571,125P05079,125P05080,B-Q,0.861231889,0.930921225,0.896076557,3
23785 E,3,12,2509,0.847736084,92000,0.850178276,125P05079,125P05080,B-Q,0.869318574,0.933521563,0.901420069,3
23785 E,3,13,2707,0.839331754,92000,0.847736084,125P05079,125P05080,B-Q,0.85415604,0.925720547,0.889938294,3
23785 E,3,14,3131.3,0.841359097,92000,0.839331754,125P05079,125P05080,B-Q,0.862242725,0.924420378,0.893331552,3
23785 E,3,15,4288.4,0.84250696,92000,0.841359097,125P05079,125P05080,B-Q,0.85415604,0.941322579,0.89773931,3
23785 E,3,16,5702.4,0.906633355,92000,0.84250696,125P05079,125P05080,B-Q,0.861231889,0.916619362,0.888925626,3
23785 E,3,17,5302.5,1.209443261,92000,0.906633355,125P05079,125P05080,B-Q,0.858199382,0.925720547,0.891959965,3
23785 E,3,18,4895.9,1.088362787,92000,1.209443261,125P05079,125P05080,B-Q,0.853145205,0.921820039,0.887482622,3
23785 E,3,19,3118.2,0.854613301,92000,1.088362787,125P05079,125P05080,B-Q,0.865275231,0.934821732,0.900048482,3
23785 E,3,20,2294.1,0.850819443,92000,0.854613301,125P05079,125P05080,B-Q,0.86325356,0.937422071,0.900337816,3
23785 E,3,21,1669.8,0.849168099,92000,0.850819443,125P05079,125P05080,B-Q,0.870329409,0.945223087,0.907776248,3
23785 E,3,22,1150.9,0.850271806,92000,0.849168099,125P05079,125P05080,B-Q,0.871340245,0.959524949,0.915432597,3
23785 E,3,23,776.4,0.860799182,92000,0.850271806,125P05079,125P05080,B-Q,0.884481107,0.99592969,0.940205399,3
23785 E,3,0,528.33,0.857559251,92000,0.861865539,125P05079,125P05080,B-Q,0.854617808,0.877532577,0.866075192,3
23785 E,3,1,270.6,0.861042745,92000,0.857559251,125P05079,125P05080,B-Q,0.863276182,0.88805796,0.875667071,3
23785 E,3,2,180.39,0.865918146,92000,0.861042745,125P05079,125P05080,B-Q,0.86608934,0.874070696,0.870080018,3
23785 E,3,3,156.01,0.865139581,92000,0.865918146,125P05079,125P05080,B-Q,0.862809218,0.874482562,0.86864589,3
23785 E,3,4,215.38,0.863893436,92000,0.865139581,125P05079,125P05080,B-Q,0.862683495,0.872886103,0.867784799,3
23785 E,3,5,568.89,0.859732017,92000,0.863893436,125P05079,125P05080,B-Q,0.85935382,0.861884429,0.860619125,3
23785 E,3,6,1566.76,0.849407094,92000,0.859732017,125P05079,125P05080,B-Q,0.846801146,0.848614347,0.847707747,3
23785 E,3,7,3117.89,0.838222206,92000,0.849407094,125P05079,125P05080,B-Q,0.838394444,0.87670652,0.857550482,3
23785 E,3,8,3328.85,0.845363466,92000,0.838222206,125P05079,125P05080,B-Q,0.839465639,0.937732979,0.888599309,3
23785 E,3,9,2379.44,0.840848072,92000,0.845363466,125P05079,125P05080,B-Q,0.836061257,0.886743362,0.861402309,3
23785 E,3,10,2059.11,0.849019517,92000,0.840848072,125P05079,125P05080,B-Q,0.845995897,0.86058838,0.853292138,3
23785 E,3,11,2169.34,0.843271892,92000,0.849019517,125P05079,125P05080,B-Q,0.838064826,0.861898205,0.849981515,3
23785 E,3,12,2405.99,0.842753615,92000,0.843271892,125P05079,125P05080,B-Q,0.843915718,0.862077667,0.852996693,3
23785 E,3,13,2692.57,0.840414729,92000,0.842753615,125P05079,125P05080,B-Q,0.840410946,0.858672522,0.849541734,3
23785 E,3,14,3165.44,0.84245974,92000,0.840414729,125P05079,125P05080,B-Q,0.83420202,0.864155085,0.849178552,3
23785 E,3,15,4190.78,0.851811561,92000,0.84245974,125P05079,125P05080,B-Q,0.844680444,0.864650323,0.854665383,3
23785 E,3,16,5528.11,0.937622155,92000,0.851811561,125P05079,125P05080,B-Q,0.921507284,0.865597668,0.893552476,3
23785 E,3,17,5271.78,1.36444758,92000,0.937622155,125P05079,125P05080,B-Q,1.328640258,1.005703345,1.167171801,3
23785 E,3,18,4960,1.285571127,92000,1.36444758,125P05079,125P05080,B-Q,1.264628757,0.895300907,1.079964832,3
23785 E,3,19,2955.77,0.86136455,92000,1.285571127,125P05079,125P05080,B-Q,0.846509435,0.854306739,0.850408087,3
23785 E,3,20,2220.89,0.836474709,92000,0.86136455,125P05079,125P05080,B-Q,0.830086006,0.869885057,0.849985531,3
23785 E,3,21,1741.23,0.850557198,92000,0.836474709,125P05079,125P05080,B-Q,0.84700587,0.874146181,0.860576025,3
23785 E,3,22,1216,0.844948095,92000,0.850557198,125P05079,125P05080,B-Q,0.841640846,0.874093222,0.857867034,3
23785 E,3,23,842.22,0.861865539,92000,0.844948095,125P05079,125P05080,B-Q,0.850573416,0.866318193,0.858445804,3
23785 E,3,0,502.84,0.885421414,92000,0.862531582,125P05079,125P05080,B-Q,0.919860351,1.046029547,0.982944949,3
23785 E,3,1,237.5,0.894606415,92000,0.885421414,125P05079,125P05080,B-Q,0.915143118,1.113985063,1.014564091,3
23785 E,3,2,155.41,0.901477894,92000,0.894606415,125P05079,125P05080,B-Q,0.914199672,1.064231918,0.989215795,3
23785 E,3,3,118.83,0.888823853,92000,0.901477894,125P05079,125P05080,B-Q,0.915614842,1.123692994,1.019653918,3
23785 E,3,4,188,0.886729399,92000,0.888823853,125P05079,125P05080,B-Q,0.915143118,0.975040303,0.945091711,3
23785 E,3,5,459.08,0.872627617,92000,0.886729399,125P05079,125P05080,B-Q,0.895330742,0.930747869,0.913039306,3
23785 E,3,6,1428.25,0.854248535,92000,0.872627617,125P05079,125P05080,B-Q,0.865992598,0.927146539,0.896569569,3
23785 E,3,7,3033.67,0.839205483,92000,0.854248535,125P05079,125P05080,B-Q,0.892926475,0.934779792,0.913853134,3
23785 E,3,8,3353.75,0.863162798,92000,0.839205483,125P05079,125P05080,B-Q,0.971445572,0.977056265,0.974250919,3
23785 E,3,9,2375.84,0.838729702,92000,0.863162798,125P05079,125P05080,B-Q,0.922142883,0.984689517,0.9534162,3
23785 E,3,10,2037.16,0.842740879,92000,0.838729702,125P05079,125P05080,B-Q,0.886535385,1.007589273,0.947062329,3
23785 E,3,11,2173.25,0.842836817,92000,0.842740879,125P05079,125P05080,B-Q,0.876035739,1.025791643,0.950913691,3
23785 E,3,12,2347.16,0.839038005,92000,0.842836817,125P05079,125P05080,B-Q,0.878774777,0.967661493,0.923218135,3
23785 E,3,13,2581.01,0.841450142,92000,0.839038005,125P05079,125P05080,B-Q,0.886078879,0.98351517,0.934797025,3
23785 E,3,14,2907,0.835746918,92000,0.841450142,125P05079,125P05080,B-Q,0.882883334,1.033424895,0.958154115,3
23785 E,3,15,3973.99,0.836551456,92000,0.835746918,125P05079,125P05080,B-Q,0.891556956,1.218384464,1.05497071,3
23785 E,3,16,5602.92,0.849912933,92000,0.836551456,125P05079,125P05080,B-Q,0.882883334,1.793814236,1.338348785,3
23785 E,3,17,5570.92,1.007210294,92000,0.849912933,125P05079,125P05080,B-Q,0.882426828,1.817888338,1.350157583,3
23785 E,3,18,4941.51,1.107895546,92000,1.007210294,125P05079,125P05080,B-Q,0.871272856,1.212884609,1.042078733,3
23785 E,3,19,2910.84,0.856717623,92000,1.107895546,125P05079,125P05080,B-Q,0.901463144,0.972006575,0.93673486,3
23785 E,3,20,2138.67,0.858018939,92000,0.856717623,125P05079,125P05080,B-Q,0.909010716,0.944703019,0.926856868,3
23785 E,3,21,1680.5,0.909999959,92000,0.858018939,125P05079,125P05080,B-Q,0.920332074,1.087288253,1.003810164,3
23785 E,3,22,1148.67,0.87313485,92000,0.909999959,125P05079,125P05080,B-Q,0.909482439,0.97261332,0.94104788,3
23785 E,3,23,765.51,0.862531582,92000,0.87313485,125P05079,125P05080,B-Q,0.912540507,1.031886096,0.972213302,3
23789 E,4,0,391.7,0.897266363,89000,0.894013093,125+04898,125+04899,W-Q,1.082459028,0.901586922,0.992022975,5
23789 E,4,1,182.9,0.886122439,89000,0.897266363,125+04898,125+04899,W-Q,1.080983283,0.899692852,0.990338068,5
23789 E,4,2,128.3,0.887650767,89000,0.886122439,125+04898,125+04899,W-Q,1.080245411,0.890366202,0.985305807,5
23789 E,4,3,119.4,0.880017148,89000,0.887650767,125+04898,125+04899,W-Q,1.047041146,0.887172264,0.967106705,5
23789 E,4,4,199.3,0.880690403,89000,0.880017148,125+04898,125+04899,W-Q,0.989487087,0.879536598,0.934511843,5
23789 E,4,5,479.5,0.883517535,89000,0.880690403,125+04898,125+04899,W-Q,0.957020695,0.879141277,0.918080986,5
23789 E,4,6,1328.5,0.871090684,89000,0.883517535,125+04898,125+04899,W-Q,0.937098136,0.856283638,0.896690887,5
23789 E,4,7,2686.4,0.8751072,89000,0.871090684,125+04898,125+04899,W-Q,0.918651322,1.50600337,1.212327346,5
23789 E,4,8,2832.6,0.869774308,89000,0.8751072,125+04898,125+04899,W-Q,0.936360264,1.451413827,1.193887046,5
23789 E,4,9,2176.1,0.863714491,89000,0.869774308,125+04898,125+04899,W-Q,0.943001117,0.890685616,0.916843367,5
23789 E,4,10,1891.8,0.865060643,89000,0.863714491,125+04898,125+04899,W-Q,0.923078558,0.859702193,0.891390376,5
23789 E,4,11,2168.2,0.867627714,89000,0.865060643,125+04898,125+04899,W-Q,0.940049626,0.859011759,0.899530693,5
23789 E,4,12,2330.6,0.864768579,89000,0.867627714,125+04898,125+04899,W-Q,0.948904097,0.86395721,0.906430654,5
23789 E,4,13,2392.2,0.864471558,89000,0.864768579,125+04898,125+04899,W-Q,0.935622391,0.862159208,0.8988908,5
23789 E,4,14,2799.9,0.850094686,89000,0.864471558,125+04898,125+04899,W-Q,0.910534724,0.861802663,0.886168694,5
23789 E,4,15,3943.1,0.849235439,89000,0.850094686,125+04898,125+04899,W-Q,0.940787499,0.869959908,0.905373704,5
23789 E,4,16,5801,0.989526453,89000,0.849235439,125+04898,125+04899,W-Q,0.939311754,0.855887371,0.897599563,5
23789 E,4,17,5194.3,2.414815014,89000,0.989526453,125+04898,125+04899,W-Q,0.934146646,0.852667327,0.893406987,5
23789 E,4,18,4227.6,1.368910393,89000,2.414815014,125+04898,125+04899,W-Q,0.926030048,0.853944659,0.889987354,5
23789 E,4,19,2666,0.856354889,89000,1.368910393,125+04898,125+04899,W-Q,0.927505793,0.863360893,0.895433343,5
23789 E,4,20,1918.8,0.87303199,89000,0.856354889,125+04898,125+04899,W-Q,0.932670901,0.869623831,0.901147366,5
23789 E,4,21,1370,0.874714673,89000,0.87303199,125+04898,125+04899,W-Q,0.989487087,0.868235313,0.9288612,5
23789 E,4,22,942.4,0.872042452,89000,0.874714673,125+04898,125+04899,W-Q,0.95849644,0.879121765,0.918809103,5
23789 E,4,23,661.2,0.894013093,89000,0.872042452,125+04898,125+04899,W-Q,1.004982411,0.877140584,0.941061498,5
23789 E,4,0,435,0.878549362,89000,0.88005227,125+04898,125+04899,W-Q,0.887572215,0.879416775,0.883494495,5
23789 E,4,1,218.35,0.891939824,89000,0.878549362,125+04898,125+04899,W-Q,0.902890385,0.887010584,0.894950485,5
23789 E,4,2,146.01,0.887623912,89000,0.891939824,125+04898,125+04899,W-Q,0.893050039,0.877571383,0.885310711,5
23789 E,4,3,133.88,0.879139785,89000,0.887623912,125+04898,125+04899,W-Q,0.895418628,0.879607906,0.887513267,5
23789 E,4,4,198.88,0.874286608,89000,0.879139785,125+04898,125+04899,W-Q,0.90955576,0.88166882,0.89561229,5
23789 E,4,5,496,0.87920996,89000,0.874286608,125+04898,125+04899,W-Q,0.889881281,0.872075223,0.880978252,5
23789 E,4,6,1259.26,0.875268556,89000,0.87920996,125+04898,125+04899,W-Q,0.856559805,0.846192528,0.851376166,5
23789 E,4,7,2548.26,0.859380334,89000,0.875268556,125+04898,125+04899,W-Q,0.868626942,0.853329975,0.860978458,5
23789 E,4,8,2708.83,0.858728986,89000,0.859380334,125+04898,125+04899,W-Q,0.88625583,0.866547641,0.876401735,5
23789 E,4,9,2054.67,0.858594786,89000,0.858728986,125+04898,125+04899,W-Q,0.883568166,0.868537014,0.87605259,5
23789 E,4,10,1801,0.866498005,89000,0.858594786,125+04898,125+04899,W-Q,0.874163577,0.861921734,0.868042655,5
23789 E,4,11,2031.34,0.868525142,89000,0.866498005,125+04898,125+04899,W-Q,0.875664566,0.870329873,0.872997219,5
23789 E,4,12,2202.33,0.87255951,89000,0.868525142,125+04898,125+04899,W-Q,0.872624325,0.866696683,0.869660504,5
23789 E,4,13,2382.12,0.857743973,89000,0.87255951,125+04898,125+04899,W-Q,0.87242853,0.862215931,0.86732223,5
23789 E,4,14,2804.33,0.855508571,89000,0.857743973,125+04898,125+04899,W-Q,0.870929678,0.86583403,0.868381854,5
23789 E,4,15,3812.67,0.875940005,89000,0.855508571,125+04898,125+04899,W-Q,0.873472304,0.867880863,0.870676583,5
23789 E,4,16,5675.22,1.05461648,89000,0.875940005,125+04898,125+04899,W-Q,0.92653864,0.892368202,0.909453421,5
23789 E,4,17,5086.77,2.429013484,89000,1.05461648,125+04898,125+04899,W-Q,1.204314236,0.954756438,1.079535337,5
23789 E,4,18,4246.22,1.218155115,89000,2.429013484,125+04898,125+04899,W-Q,1.040581167,0.929828617,0.985204892,5
23789 E,4,19,2684.23,0.854077188,89000,1.218155115,125+04898,125+04899,W-Q,0.878423309,0.863599557,0.871011433,5
23789 E,4,20,1906,0.859035493,89000,0.854077188,125+04898,125+04899,W-Q,0.887574422,0.876971358,0.88227289,5
23789 E,4,21,1472.21,0.864548403,89000,0.859035493,125+04898,125+04899,W-Q,0.901065369,0.885771586,0.893418478,5
23789 E,4,22,1029.33,0.873208191,89000,0.864548403,125+04898,125+04899,W-Q,0.893813166,0.878085103,0.885949134,5
23789 E,4,23,716.22,0.88005227,89000,0.873208191,125+04898,125+04899,W-Q,0.896674394,0.880845573,0.888759984,5
23789 E,4,0,406.83,0.890511827,89000,0.868981978,125+04898,125+04899,W-Q,0.992389386,0.93890855,0.965648968,5
23789 E,4,1,173.24,0.896624677,89000,0.890511827,125+04898,125+04899,W-Q,0.986191256,0.936781365,0.961486311,5
23789 E,4,2,111.17,0.915584941,89000,0.896624677,125+04898,125+04899,W-Q,0.994799769,0.925880137,0.960339953,5
23789 E,4,3,87.67,0.897844213,89000,0.915584941,125+04898,125+04899,W-Q,1.035431951,0.932850653,0.984141302,5
23789 E,4,4,166.01,0.886272922,89000,0.897844213,125+04898,125+04899,W-Q,0.963809122,0.935317632,0.949563377,5
23789 E,4,5,380.16,0.879084239,89000,0.886272922,125+04898,125+04899,W-Q,0.941771329,0.925327922,0.933549625,5
23789 E,4,6,1151.75,0.864260945,89000,0.879084239,125+04898,125+04899,W-Q,0.928053247,0.829213506,0.878633376,5
23789 E,4,7,2401.75,0.846915637,89000,0.864260945,125+04898,125+04899,W-Q,0.920388893,1.233381547,1.07688522,5
23789 E,4,8,2616.5,0.843685855,89000,0.846915637,125+04898,125+04899,W-Q,0.926387083,1.296692272,1.111539678,5
23789 E,4,9,1990.25,0.850001889,89000,0.843685855,125+04898,125+04899,W-Q,0.929719411,0.926124937,0.927922174,5
23789 E,4,10,1761.51,0.853323216,89000,0.850001889,125+04898,125+04899,W-Q,0.956378032,0.85349389,0.904935961,5
23789 E,4,11,1999.84,0.854669518,89000,0.853323216,125+04898,125+04899,W-Q,0.955378333,0.853084669,0.904231501,5
23789 E,4,12,2134.92,0.849933587,89000,0.854669518,125+04898,125+04899,W-Q,0.941382557,0.853879196,0.897630877,5
23789 E,4,13,2279.75,0.851834619,89000,0.849933587,125+04898,125+04899,W-Q,0.947047514,0.850808477,0.898927996,5
23789 E,4,14,2531,0.842689249,89000,0.851834619,125+04898,125+04899,W-Q,0.943715187,0.847100836,0.895408011,5
23789 E,4,15,3611.42,0.840328754,89000,0.842689249,125+04898,125+04899,W-Q,1.09600256,0.849229017,0.972615789,5
23789 E,4,16,5619.92,0.859174709,89000,0.840328754,125+04898,125+04899,W-Q,1.451895151,0.848723554,1.150309352,5
23789 E,4,17,5245.83,1.732567918,89000,0.859174709,125+04898,125+04899,W-Q,1.496881574,0.845558617,1.171220095,5
23789 E,4,18,4230.58,1.099464828,89000,1.732567918,125+04898,125+04899,W-Q,0.993078067,0.842795415,0.917936741,5
23789 E,4,19,2559.66,0.883603048,89000,1.099464828,125+04898,125+04899,W-Q,0.98205917,0.944590261,0.963324715,5
23789 E,4,20,1835.75,0.869488876,89000,0.883603048,125+04898,125+04899,W-Q,0.965186484,0.943555853,0.954371169,5
23789 E,4,21,1430.57,0.86494296,89000,0.869488876,125+04898,125+04899,W-Q,0.971728954,0.94889486,0.960311907,5
23789 E,4,22,934.59,0.859472143,89000,0.86494296,125+04898,125+04899,W-Q,0.950379842,0.932724926,0.941552384,5
23789 E,4,23,635.25,0.868981978,89000,0.859472143,125+04898,125+04899,W-Q,0.992056919,0.943074935,0.967565927,5
29953 W,5,0,487.2,0.876610057,162000,0.874259436,125P04860,125P04861,B-Q,0.884970322,0.900110929,0.892540626,4
29953 W,5,1,327.7,0.879712724,162000,0.876610057,125P04860,125P04861,B-Q,0.88420545,0.875808241,0.880006846,4
29953 W,5,2,290.1,0.878014154,162000,0.879712724,125P04860,125P04861,B-Q,0.885940631,0.874720427,0.880330529,4
29953 W,5,3,463.9,0.879885012,162000,0.878014154,125P04860,125P04861,B-Q,0.89411234,0.883550864,0.888831602,4
29953 W,5,4,917.6,0.8821395,162000,0.879885012,125P04860,125P04861,B-Q,0.881406661,0.883622642,0.882514652,4
29953 W,5,5,2189,0.865532236,162000,0.8821395,125P04860,125P04861,B-Q,0.872810333,0.861509709,0.867160021,4
29953 W,5,6,5191.7,0.863268041,162000,0.865532236,125P04860,125P04861,B-Q,0.871960121,0.855876606,0.863918364,4
29953 W,5,7,7945,0.960697516,162000,0.863268041,125P04860,125P04861,B-Q,1.001215978,0.90843783,0.954826904,4
29953 W,5,8,7695.8,1.010565622,162000,0.960697516,125P04860,125P04861,B-Q,1.090626614,0.939842469,1.015234542,4
29953 W,5,9,5955.3,0.992276288,162000,1.010565622,125P04860,125P04861,B-Q,1.023442825,0.92742989,0.975436358,4
29953 W,5,10,4450.3,0.891653597,162000,0.992276288,125P04860,125P04861,B-Q,0.897521801,0.872381735,0.884951768,4
29953 W,5,11,4457.1,0.861142139,162000,0.891653597,125P04860,125P04861,B-Q,0.862740842,0.859537369,0.861139106,4
29953 W,5,12,4531.3,0.865322304,162000,0.861142139,125P04860,125P04861,B-Q,0.865799585,0.864713527,0.865256556,4
29953 W,5,13,4724.9,0.867071417,162000,0.865322304,125P04860,125P04861,B-Q,0.867181189,0.867349701,0.867265445,4
29953 W,5,14,4825.2,0.860505098,162000,0.867071417,125P04860,125P04861,B-Q,0.857739,0.858472921,0.858105961,4
29953 W,5,15,5556.1,0.884955167,162000,0.860505098,125P04860,125P04861,B-Q,0.87574969,0.862049742,0.868899716,4
29953 W,5,16,6475.6,0.970005897,162000,0.884955167,125P04860,125P04861,B-Q,0.977063046,0.889721617,0.933392332,4
29953 W,5,17,6728.3,0.94122122,162000,0.970005897,125P04860,125P04861,B-Q,0.953131522,0.916311763,0.934721643,4
29953 W,5,18,4995.6,0.894370641,162000,0.94122122,125P04860,125P04861,B-Q,0.888909835,0.882649707,0.885779771,4
29953 W,5,19,3345,0.866413969,162000,0.894370641,125P04860,125P04861,B-Q,0.870942835,0.865580021,0.868261428,4
29953 W,5,20,2714.2,0.868554407,162000,0.866413969,125P04860,125P04861,B-Q,0.874482646,0.86965046,0.872066553,4
29953 W,5,21,2294.8,0.873154812,162000,0.868554407,125P04860,125P04861,B-Q,0.881113267,0.873191799,0.877152533,4
29953 W,5,22,1775.7,0.874503539,162000,0.873154812,125P04860,125P04861,B-Q,0.885337991,0.871666162,0.878502077,4
29953 W,5,23,1179.3,0.874259436,162000,0.874503539,125P04860,125P04861,B-Q,0.88103128,0.877649738,0.879340509,4
29953 W,5,0,578.44,0.881233077,162000,0.873106252,125P04860,125P04861,B-Q,0.886794418,0.890324031,0.888559224,4
29953 W,5,1,332.61,0.88529164,162000,0.881233077,125P04860,125P04861,B-Q,0.89833401,0.895063451,0.89669873,4
29953 W,5,2,301.64,0.873223779,162000,0.88529164,125P04860,125P04861,B-Q,0.88112811,0.891419884,0.886273997,4
29953 W,5,3,466.27,0.873526955,162000,0.873223779,125P04860,125P04861,B-Q,0.883929955,0.889726572,0.886828264,4
29953 W,5,4,935.88,0.862051568,162000,0.873526955,125P04860,125P04861,B-Q,0.872602914,0.877006246,0.87480458,4
29953 W,5,5,2198.89,0.864834181,162000,0.862051568,125P04860,125P04861,B-Q,0.871795315,0.876433171,0.874114243,4
29953 W,5,6,5094.13,0.857945564,162000,0.864834181,125P04860,125P04861,B-Q,0.859241406,0.838362602,0.848802004,4
29953 W,5,7,7813.01,0.913268094,162000,0.857945564,125P04860,125P04861,B-Q,0.942466413,1.306548983,1.124507698,4
29953 W,5,8,7277.68,0.985468897,162000,0.913268094,125P04860,125P04861,B-Q,1.081739627,1.20247328,1.142106454,4
29953 W,5,9,5716.33,0.902540063,162000,0.985468897,125P04860,125P04861,B-Q,0.93488474,0.874296927,0.904590833,4
29953 W,5,10,4393.22,0.86724606,162000,0.902540063,125P04860,125P04861,B-Q,0.867209133,0.855957883,0.861583508,4
29953 W,5,11,4323.89,0.864751422,162000,0.86724606,125P04860,125P04861,B-Q,0.864607058,0.864193404,0.864400231,4
29953 W,5,12,4573.56,0.866757524,162000,0.864751422,125P04860,125P04861,B-Q,0.867866559,0.858347656,0.863107107,4
29953 W,5,13,4662,0.859543077,162000,0.866757524,125P04860,125P04861,B-Q,0.858952178,0.858538506,0.858745342,4
29953 W,5,14,4860.67,0.864875264,162000,0.859543077,125P04860,125P04861,B-Q,0.864885376,0.860511483,0.862698429,4
29953 W,5,15,5559.56,0.866873252,162000,0.864875264,125P04860,125P04861,B-Q,0.86828738,0.858128189,0.863207785,4
29953 W,5,16,6546.1,0.876641692,162000,0.866873252,125P04860,125P04861,B-Q,0.879070719,0.86409026,0.87158049,4
29953 W,5,17,6426.56,0.998050236,162000,0.876641692,125P04860,125P04861,B-Q,0.98187333,0.897255785,0.939564557,4
29953 W,5,18,5128.78,0.947115247,162000,0.998050236,125P04860,125P04861,B-Q,0.946110333,0.854589407,0.90034987,4
29953 W,5,19,3326.67,0.858275849,162000,0.947115247,125P04860,125P04861,B-Q,0.860433759,0.867170484,0.863802121,4
29953 W,5,20,2636.33,0.874019615,162000,0.858275849,125P04860,125P04861,B-Q,0.879915269,0.874387406,0.877151337,4
29953 W,5,21,2292.89,0.875262831,162000,0.874019615,125P04860,125P04861,B-Q,0.882473358,0.878890687,0.880682023,4
29953 W,5,22,1730.66,0.871744273,162000,0.875262831,125P04860,125P04861,B-Q,0.875581597,0.875285957,0.875433777,4
29953 W,5,23,1200.67,0.873106252,162000,0.871744273,125P04860,125P04861,B-Q,0.891108659,0.879163813,0.885136236,4
29953 W,5,0,543.25,0.892586354,162000,0.868684176,125P04860,125P04861,B-Q,0.897689347,0.893769079,0.895729213,4
29953 W,5,1,327.79,0.893279918,162000,0.892586354,125P04860,125P04861,B-Q,0.893237709,0.894972301,0.894105005,4
29953 W,5,2,270.25,0.874503812,162000,0.893279918,125P04860,125P04861,B-Q,0.893603826,0.886474826,0.890039326,4
29953 W,5,3,427.58,0.876383642,162000,0.874503812,125P04860,125P04861,B-Q,0.893637392,0.891728197,0.892682794,4
29953 W,5,4,808.5,0.868803263,162000,0.876383642,125P04860,125P04861,B-Q,0.894662616,0.884544942,0.889603779,4
29953 W,5,5,2053.75,0.858114276,162000,0.868803263,125P04860,125P04861,B-Q,0.875292835,0.866190317,0.870741576,4
29953 W,5,6,4968.83,0.846623813,162000,0.858114276,125P04860,125P04861,B-Q,0.855595883,0.848709225,0.852152554,4
29953 W,5,7,8021.33,0.882871539,162000,0.846623813,125P04860,125P04861,B-Q,0.902194619,0.860756163,0.881475391,4
29953 W,5,8,7577.34,0.973877877,162000,0.882871539,125P04860,125P04861,B-Q,1.036930867,0.934569129,0.985749998,4
29953 W,5,9,5874.59,0.92557838,162000,0.973877877,125P04860,125P04861,B-Q,1.006757229,0.898335759,0.952546494,4
29953 W,5,10,4569.82,0.853088183,162000,0.92557838,125P04860,125P04861,B-Q,0.877140559,0.854700248,0.865920403,4
29953 W,5,11,4490.74,0.848338976,162000,0.853088183,125P04860,125P04861,B-Q,0.866273538,0.849555478,0.857914508,4
29953 W,5,12,4465.83,0.855413458,162000,0.848338976,125P04860,125P04861,B-Q,0.872252264,0.855408275,0.863830269,4
29953 W,5,13,4564.16,0.849235409,162000,0.855413458,125P04860,125P04861,B-Q,0.866521754,0.853569694,0.860045724,4
29953 W,5,14,4585.84,0.853399658,162000,0.849235409,125P04860,125P04861,B-Q,0.872463305,0.851765802,0.862114554,4
29953 W,5,15,5182.08,0.868583629,162000,0.853399658,125P04860,125P04861,B-Q,0.874778428,0.86883268,0.871805554,4
29953 W,5,16,6132.59,0.893247279,162000,0.868583629,125P04860,125P04861,B-Q,0.895444364,0.9094321,0.902438232,4
29953 W,5,17,6428.83,0.88381621,162000,0.893247279,125P04860,125P04861,B-Q,0.890555292,0.870534378,0.880544835,4
29953 W,5,18,4678.59,0.89809465,162000,0.88381621,125P04860,125P04861,B-Q,0.911659116,0.866258659,0.888958888,4
29953 W,5,19,3187.66,0.863737435,162000,0.89809465,125P04860,125P04861,B-Q,0.879970718,0.865879747,0.872925233,4
29953 W,5,20,2607.58,0.874763351,162000,0.863737435,125P04860,125P04861,B-Q,0.886349997,0.88526986,0.885809928,4
29953 W,5,21,2300.25,0.870368747,162000,0.874763351,125P04860,125P04861,B-Q,0.886897893,0.87619139,0.881544641,4
29953 W,5,22,1691.16,0.874863787,162000,0.870368747,125P04860,125P04861,B-Q,0.886839905,0.888776504,0.887808205,4
29953 W,5,23,1194.75,0.868684176,162000,0.874863787,125P04860,125P04861,B-Q,0.888503537,0.8794094,0.883956469,4
29963 W,6,0,463.4,0.878099982,126000,0.869609096,125+04868,125+04869,B-NQ,0.86319025,0.868557658,0.865873954,3
29963 W,6,1,242.6,0.878685938,126000,0.878099982,125+04868,125+04869,B-NQ,0.869967657,0.867237662,0.86860266,3
29963 W,6,2,195,0.876922231,126000,0.878685938,125+04868,125+04869,B-NQ,0.863811173,0.868557658,0.866184416,3
29963 W,6,3,204.5,0.878686015,126000,0.876922231,125+04868,125+04869,B-NQ,0.867462989,0.867237662,0.867350326,3
29963 W,6,4,367.3,0.874092462,126000,0.878686015,125+04868,125+04869,B-NQ,0.874120028,0.864597669,0.869358849,3
29963 W,6,5,860.2,0.879124726,126000,0.874092462,125+04868,125+04869,B-NQ,0.864355549,0.867237662,0.865796606,3
29963 W,6,6,2400.1,0.850509994,126000,0.879124726,125+04868,125+04869,B-NQ,0.84862514,0.844797722,0.846711431,3
29963 W,6,7,4343.7,0.856952886,126000,0.850509994,125+04868,125+04869,B-NQ,0.845811204,0.850077708,0.847944456,3
29963 W,6,8,4531,0.880861369,126000,0.856952886,125+04868,125+04869,B-NQ,0.846433129,0.852717701,0.849575415,3
29963 W,6,9,4028.3,0.882136147,126000,0.880861369,125+04868,125+04869,B-NQ,0.846843293,0.85667769,0.851760492,3
29963 W,6,10,3287.4,0.861656686,126000,0.882136147,125+04868,125+04869,B-NQ,0.842798756,0.847437715,0.845118236,3
29963 W,6,11,3551.8,0.862128039,126000,0.861656686,125+04868,125+04869,B-NQ,0.847244042,0.852717701,0.849980872,3
29963 W,6,12,3657.9,0.863850202,126000,0.862128039,125+04868,125+04869,B-NQ,0.845444373,0.848757712,0.847101043,3
29963 W,6,13,3584.6,0.861011171,126000,0.863850202,125+04868,125+04869,B-NQ,0.831937562,0.846117719,0.839027641,3
29963 W,6,14,3708.3,0.861270613,126000,0.861011171,125+04868,125+04869,B-NQ,0.838852702,0.847437715,0.843145209,3
29963 W,6,15,4249.1,0.847563647,126000,0.861270613,125+04868,125+04869,B-NQ,0.838793878,0.843477726,0.841135802,3
29963 W,6,16,5238,0.884382124,126000,0.847563647,125+04868,125+04869,B-NQ,0.901994444,0.900237573,0.901116009,3
29963 W,6,17,5583.6,1.076860179,126000,0.884382124,125+04868,125+04869,B-NQ,1.229238071,1.333196406,1.281217239,3
29963 W,6,18,4543.4,0.954217437,126000,1.076860179,125+04868,125+04869,B-NQ,1.160984234,1.066557125,1.11377068,3
29963 W,6,19,2934.6,0.8725462,126000,0.954217437,125+04868,125+04869,B-NQ,0.859158949,0.857997687,0.858578318,3
29963 W,6,20,2115.2,0.878303273,126000,0.8725462,125+04868,125+04869,B-NQ,0.842510754,0.854037698,0.848274226,3
29963 W,6,21,1711.8,0.879850858,126000,0.878303273,125+04868,125+04869,B-NQ,0.854717107,0.859317683,0.857017395,3
29963 W,6,22,1348.1,0.881753678,126000,0.879850858,125+04868,125+04869,B-NQ,0.850184871,0.854037698,0.852111285,3
29963 W,6,23,909.4,0.869609096,126000,0.881753678,125+04868,125+04869,B-NQ,0.859297721,0.864597669,0.861947695,3
29963 W,6,0,513.45,0.877741796,126000,0.877416989,125+04868,125+04869,B-NQ,0.854617808,0.877532577,0.866075192,3
29963 W,6,1,287.9,0.884409288,126000,0.877741796,125+04868,125+04869,B-NQ,0.863276182,0.88805796,0.875667071,3
29963 W,6,2,207.14,0.874963375,126000,0.884409288,125+04868,125+04869,B-NQ,0.86608934,0.874070696,0.870080018,3
29963 W,6,3,209.5,0.881921593,126000,0.874963375,125+04868,125+04869,B-NQ,0.862809218,0.874482562,0.86864589,3
29963 W,6,4,366.51,0.880417248,126000,0.881921593,125+04868,125+04869,B-NQ,0.862683495,0.872886103,0.867784799,3
29963 W,6,5,847.76,0.872102783,126000,0.880417248,125+04868,125+04869,B-NQ,0.85935382,0.861884429,0.860619125,3
29963 W,6,6,2433.88,0.838226824,126000,0.872102783,125+04868,125+04869,B-NQ,0.846801146,0.848614347,0.847707747,3
29963 W,6,7,4229.39,0.846051762,126000,0.838226824,125+04868,125+04869,B-NQ,0.838394444,0.87670652,0.857550482,3
29963 W,6,8,4463.58,0.86125532,126000,0.846051762,125+04868,125+04869,B-NQ,0.839465639,0.937732979,0.888599309,3
29963 W,6,9,3854.55,0.865768548,126000,0.86125532,125+04868,125+04869,B-NQ,0.836061257,0.886743362,0.861402309,3
29963 W,6,10,3261.44,0.858147382,126000,0.865768548,125+04868,125+04869,B-NQ,0.845995897,0.86058838,0.853292138,3
29963 W,6,11,3419.01,0.861915688,126000,0.858147382,125+04868,125+04869,B-NQ,0.838064826,0.861898205,0.849981515,3
29963 W,6,12,3592.67,0.855417253,126000,0.861915688,125+04868,125+04869,B-NQ,0.843915718,0.862077667,0.852996693,3
29963 W,6,13,3523.56,0.855220027,126000,0.855417253,125+04868,125+04869,B-NQ,0.840410946,0.858672522,0.849541734,3
29963 W,6,14,3752.11,0.856707346,126000,0.855220027,125+04868,125+04869,B-NQ,0.83420202,0.864155085,0.849178552,3
29963 W,6,15,4244.33,0.857374968,126000,0.856707346,125+04868,125+04869,B-NQ,0.844680444,0.864650323,0.854665383,3
29963 W,6,16,5035.66,0.897213691,126000,0.857374968,125+04868,125+04869,B-NQ,0.921507284,0.865597668,0.893552476,3
29963 W,6,17,5425.55,1.020183686,126000,0.897213691,125+04868,125+04869,B-NQ,1.328640258,1.005703345,1.167171801,3
29963 W,6,18,4674.34,0.958389988,126000,1.020183686,125+04868,125+04869,B-NQ,1.264628757,0.895300907,1.079964832,3
29963 W,6,19,2916.66,0.863400313,126000,0.958389988,125+04868,125+04869,B-NQ,0.846509435,0.854306739,0.850408087,3
29963 W,6,20,2206.89,0.873003397,126000,0.863400313,125+04868,125+04869,B-NQ,0.830086006,0.869885057,0.849985531,3
29963 W,6,21,1739.01,0.884619882,126000,0.873003397,125+04868,125+04869,B-NQ,0.84700587,0.874146181,0.860576025,3
29963 W,6,22,1350.9,0.875065356,126000,0.884619882,125+04868,125+04869,B-NQ,0.841640846,0.874093222,0.857867034,3
29963 W,6,23,907.11,0.877416989,126000,0.875065356,125+04868,125+04869,B-NQ,0.850573416,0.866318193,0.858445804,3
29963 W,6,0,522.75,0.872336141,126000,0.86842786,125+04868,125+04869,B-NQ,0.884212824,0.883957617,0.884085221,3
29963 W,6,1,273.49,0.870928035,126000,0.872336141,125+04868,125+04869,B-NQ,0.900851844,0.899357575,0.90010471,3
29963 W,6,2,194.67,0.877535645,126000,0.870928035,125+04868,125+04869,B-NQ,0.906639136,0.902437567,0.904538351,3
29963 W,6,3,207.67,0.865214161,126000,0.877535645,125+04868,125+04869,B-NQ,0.894929902,0.898741577,0.89683574,3
29963 W,6,4,319.17,0.862633633,126000,0.865214161,125+04868,125+04869,B-NQ,0.887557622,0.887653607,0.887605614,3
29963 W,6,5,771.17,0.857253454,126000,0.862633633,125+04868,125+04869,B-NQ,0.881200702,0.888269605,0.884735153,3
29963 W,6,6,2301.42,0.832570958,126000,0.857253454,125+04868,125+04869,B-NQ,0.849661859,0.870346041,0.86000395,3
29963 W,6,7,4206.24,0.832922315,126000,0.832570958,125+04868,125+04869,B-NQ,0.835554603,0.852462218,0.84400841,3
29963 W,6,8,4436.66,0.843391646,126000,0.832922315,125+04868,125+04869,B-NQ,0.855146144,0.849481581,0.852313863,3
29963 W,6,9,3881.25,0.850637283,126000,0.843391646,125+04868,125+04869,B-NQ,0.839313378,0.844116434,0.841714906,3
29963 W,6,10,3397.33,0.851117352,126000,0.850637283,125+04868,125+04869,B-NQ,0.838489597,0.848885453,0.843687525,3
29963 W,6,11,3529.83,0.848874823,126000,0.851117352,125+04868,125+04869,B-NQ,0.841916751,0.844712561,0.843314656,3
29963 W,6,12,3690.09,0.853125758,126000,0.848874823,125+04868,125+04869,B-NQ,0.840250864,0.845904816,0.84307784,3
29963 W,6,13,3535.24,0.853152589,126000,0.853125758,125+04868,125+04869,B-NQ,0.841647266,0.844712561,0.843179914,3
29963 W,6,14,3596,0.85255876,126000,0.853152589,125+04868,125+04869,B-NQ,0.833651043,0.842328052,0.837989548,3
29963 W,6,15,4065.34,0.850049914,126000,0.85255876,125+04868,125+04869,B-NQ,0.830788552,0.845904816,0.838346684,3
29963 W,6,16,5108.58,0.860888235,126000,0.850049914,125+04868,125+04869,B-NQ,0.854691106,0.856038982,0.855365044,3
29963 W,6,17,5461.75,1.072074959,126000,0.860888235,125+04868,125+04869,B-NQ,1.014873688,0.949630988,0.982252338,3
29963 W,6,18,4548.34,1.019021322,126000,1.072074959,125+04868,125+04869,B-NQ,1.121853012,0.98682934,1.054341176,3
29963 W,6,19,2879.84,0.855956621,126000,1.019021322,125+04868,125+04869,B-NQ,0.861108296,0.855005695,0.858056995,3
29963 W,6,20,2199.25,0.856331775,126000,0.855956621,125+04868,125+04869,B-NQ,0.866257583,0.858085687,0.862171635,3
29963 W,6,21,1769.18,0.856871991,126000,0.856331775,125+04868,125+04869,B-NQ,0.927793371,0.87163765,0.899715511,3
29963 W,6,22,1325.67,0.865407941,126000,0.856871991,125+04868,125+04869,B-NQ,0.875667267,0.874717642,0.875192455,3
29963 W,6,23,912,0.86842786,126000,0.865407941,125+04868,125+04869,B-NQ,0.86481092,0.872381096,0.868596008,3
